train_acc,train_loss,val_acc,val_loss
0.03334736842105263,4.3500323,0.0656,4.075726
