train_acc,train_loss,val_acc,val_loss
0.009473684210526316,4.6086073,0.0104,4.6067023
